"iris_id","year","dist_to_bike","T2021"
"751082902",2014,100.986409091955,0
"751093403",2014,31.3018600668336,0
"751103710",2014,132.335659097852,0
"751124813",2014,181.793961244452,0
"751155818",2014,133.904978711789,0
"751186929",2014,88.0101293613362,0
"751207917",2014,129.554458196606,0
"751041699",2014,160.716911626632,0
"751072599",2014,37.8000555116854,0
"751104088",2014,30.2330273357755,0
"751124577",2014,10.254764541448,0
"751135099",2014,95.9224796611547,0
"751156099",2014,291.843683618435,0
"751197488",2014,19.8671398308566,0
"751020805",2014,17.4333989398001,0
"751030901",2014,50.3252502842411,0
"751031004",2014,20.1537735071792,0
"751062401",2014,1.22445558937487,0
"751072705",2014,394.539543236452,0
"751072801",2014,97.3882086083399,0
"751072804",2014,67.4895997417741,0
"751104004",2014,87.8837196704491,0
"751104008",2014,6.00597226307604,0
"751104010",2014,31.8180126072568,0
"751114109",2014,13.7621204525329,0
"751114207",2014,26.1873958246565,0
"751114209",2014,35.4054627711554,0
"751114210",2014,59.4563020146931,0
"751114213",2014,127.131941782318,0
"751114311",2014,43.029963006988,0
"751114317",2014,62.6559371096193,0
"751114319",2014,185.838689711398,0
"751124501",2014,119.568220016268,0
"751124620",2014,104.32593560561,0
"751124624",2014,61.3598118316967,0
"751124701",2014,60.6177958453987,0
"751134904",2014,60.062876234119,0
"751134905",2014,175.480730231915,0
"751135023",2014,83.981578363031,0
"751135106",2014,18.0020360645613,0
"751145509",2014,13.9364647219066,0
"751145511",2014,36.1895289625314,0
"751145607",2014,323.267752358067,0
"751155704",2014,209.944308629883,0
"751155717",2014,180.46026136965,0
"751155719",2014,14.9410063631019,0
"751155901",2014,72.2247194279553,0
"751155910",2014,23.9313058044429,0
"751156005",2014,63.4373419937208,0
"751156016",2014,169.198899003323,0
"751156017",2014,143.687705423475,0
"751156018",2014,125.35894374356,0
"751156020",2014,252.231712079528,0
"751166112",2014,361.702177064802,0
"751166120",2014,386.230177777043,0
"751166210",2014,131.121185436162,0
"751166216",2014,124.454149852254,0
"751166305",2014,172.206319026269,0
"751166404",2014,111.586196849423,0
"751166406",2014,136.247959904479,0
"751176511",2014,7.14029266733413,0
"751176610",2014,156.682570207137,0
"751176705",2014,44.5238488006289,0
"751176805",2014,25.885060681994,0
"751176813",2014,37.493754336219,0
"751176817",2014,220.086181292005,0
"751186917",2014,116.044936173024,0
"751186923",2014,90.8866433081117,0
"751186927",2014,74.6077649229678,0
"751187003",2014,77.9058284034087,0
"751187004",2014,8.62392378588503,0
"751187009",2014,20.3159811661403,0
"751187020",2014,36.0502204517446,0
"751187022",2014,23.7051139769037,0
"751187105",2014,0.0532451668846751,0
"751187109",2014,47.2126235447153,0
"751187206",2014,111.962512240611,0
"751197401",2014,21.8999724770368,0
"751197406",2014,111.545976806297,0
"751197408",2014,132.886154961707,0
"751197509",2014,91.764592743607,0
"751197515",2014,65.8200711600047,0
"751197516",2014,278.584769771126,0
"751197518",2014,104.752734451438,0
"751197519",2014,83.4983161343599,0
"751197520",2014,102.81417805965,0
"751207711",2014,66.7704646442157,0
"751207714",2014,158.743424020163,0
"751207803",2014,42.842404774332,0
"751207804",2014,37.7160690196518,0
"751207811",2014,85.0756242376883,0
"751207903",2014,172.137654829389,0
"751208004",2014,13.8777134576266,0
"751208012",2014,29.857137368902,0
"751010205",2014,77.145440847101,0
"751010302",2014,91.7609585623943,0
"751010303",2014,15.5965399155542,0
"751052005",2014,67.7268995485028,0
"751072508",2014,52.2826104467138,0
"751082904",2014,112.949145200038,0
"751083102",2014,160.038753044578,0
"751093408",2014,122.044922627751,0
"751145407",2014,267.563529717868,0
"751166131",2014,286.027918394902,0
"751166411",2014,93.9926355641182,0
"751197413",2014,144.2462816946,0
"751010105",2014,205.522163090981,0
"751072899",2014,40.3817048148761,0
"751082999",2014,68.6673429668582,0
"751103988",2014,37.3972256342453,0
"751010202",2014,20.2512165713896,0
"751010203",2014,26.5381060945988,0
"751031003",2014,9.34014952672911,0
"751031101",2014,173.097075665152,0
"751041404",2014,3.245697628041,0
"751041504",2014,106.722576738811,0
"751051702",2014,31.5731896443052,0
"751051705",2014,51.567886637012,0
"751051805",2014,111.100162782795,0
"751051807",2014,67.9727037615776,0
"751051907",2014,57.4421001005823,0
"751052002",2014,91.2129997621687,0
"751062309",2014,1.10449853021778,0
"751062310",2014,123.896997311576,0
"751072502",2014,118.248136838883,0
"751072503",2014,316.638591231503,0
"751072506",2014,4.86653387452552,0
"751072806",2014,14.7383372335552,0
"751072807",2014,10.5679658405914,0
"751083202",2014,198.410459796409,0
"751093309",2014,85.7729006765771,0
"751103703",2014,46.4259390182381,0
"751104003",2014,12.2449629330495,0
"751114101",2014,108.911265508722,0
"751114103",2014,134.655274180579,0
"751114214",2014,41.8515288825437,0
"751114410",2014,173.675427578587,0
"751124504",2014,4.14565596430022,0
"751124608",2014,65.9334192383162,0
"751134902",2014,100.561463562333,0
"751134903",2014,133.95090929752,0
"751135009",2014,55.8263104471993,0
"751135014",2014,219.212810655665,0
"751135018",2014,148.273317157094,0
"751135026",2014,16.5329188830934,0
"751135027",2014,30.5867734067912,0
"751135029",2014,17.3686096395823,0
"751135103",2014,121.465476696168,0
"751135104",2014,125.48826577649,0
"751135109",2014,41.9860710946916,0
"751135113",2014,31.2534716189872,0
"751135119",2014,132.451954565819,0
"751135201",2014,65.9739740535638,0
"751135206",2014,218.852648205035,0
"751145512",2014,132.080757537258,0
"751145608",2014,195.288293099904,0
"751145614",2014,12.7921678846892,0
"751145616",2014,38.6031080056403,0
"751145623",2014,251.898733412911,0
"751155703",2014,151.127124024885,0
"751155712",2014,246.287946269699,0
"751155722",2014,98.9778953251698,0
"751155805",2014,189.991350210488,0
"751155812",2014,67.687045590721,0
"751155813",2014,115.88039292325,0
"751155915",2014,13.4152510761096,0
"751156001",2014,141.622753755457,0
"751156006",2014,92.8014842003273,0
"751166113",2014,339.741919562095,0
"751166116",2014,201.938380226238,0
"751166203",2014,298.510762410875,0
"751166208",2014,288.032004299835,0
"751166217",2014,30.6859425601562,0
"751166401",2014,0.878442567712075,0
"751176502",2014,476.723669818964,0
"751176503",2014,273.690771607874,0
"751176509",2014,99.1441176847358,0
"751176601",2014,55.4047520258302,0
"751176810",2014,114.2371235234,0
"751186905",2014,19.224193104878,0
"751186908",2014,61.8970471635112,0
"751187008",2014,6.93879733970171,0
"751187014",2014,35.0259282544858,0
"751187017",2014,84.0918427185924,0
"751187204",2014,16.5592657760994,0
"751187205",2014,151.304796922002,0
"751197304",2014,32.2510936640782,0
"751197305",2014,47.2562208083954,0
"751197307",2014,65.8463599235931,0
"751197501",2014,90.0814859435292,0
"751197513",2014,101.946668132513,0
"751197514",2014,165.96141250861,0
"751197517",2014,129.515119258188,0
"751197602",2014,9.55541627013624,0
"751197608",2014,75.9971494864053,0
"751207705",2014,71.9092107546315,0
"751207712",2014,96.2755984499973,0
"751207801",2014,32.3715384915249,0
"751207805",2014,57.0534401503852,0
"751207808",2014,128.235027371283,0
"751207914",2014,90.1080239550888,0
"751208011",2014,68.0037723456894,0
"751208018",2014,17.2903364230569,0
"751208020",2014,71.02695060946,0
"751208023",2014,3.97356977152099,0
"751208024",2014,2.00955530785141,0
"751083003",2014,319.510438507884,0
"751093405",2014,42.0939742884859,0
"751124706",2014,10.8304230880315,0
"751124811",2014,152.694426993835,0
"751166222",2014,117.548491863768,0
"751041499",2014,53.2917161575106,0
"751051899",2014,83.5203576153293,0
"751052099",2014,7.94042885461503,0
"751062205",2014,267.322748513391,0
"751062499",2014,43.8505874169071,0
"751124899",2014,32.2878541257722,0
"751156023",2014,105.589620681888,0
"751197617",2014,170.479191639438,0
"751031102",2014,111.941146756358,0
"751031104",2014,22.2072046970255,0
"751041303",2014,9.98698208886255,0
"751041401",2014,47.8880402897798,0
"751062204",2014,128.063425542086,0
"751072501",2014,168.844831686209,0
"751072704",2014,463.193757103879,0
"751072706",2014,84.5938419695145,0
"751083207",2014,45.8378781207937,0
"751093305",2014,101.645906970454,0
"751093308",2014,59.2310498814404,0
"751093604",2014,29.6076844130512,0
"751093606",2014,48.4612773698896,0
"751103701",2014,36.1924509672191,0
"751103806",2014,32.0973905481563,0
"751114106",2014,53.6360967740011,0
"751114110",2014,0.196909777867382,0
"751114203",2014,101.293199827884,0
"751114211",2014,99.5846391503948,0
"751114320",2014,256.483810785971,0
"751114401",2014,84.6663803333945,0
"751114406",2014,55.4260381444948,0
"751114411",2014,142.292808762639,0
"751114412",2014,71.7536088261692,0
"751114413",2014,208.733798842502,0
"751124506",2014,39.9125928725117,0
"751124507",2014,89.0811969081644,0
"751124610",2014,15.18058041699,0
"751124809",2014,8.47807460221559,0
"751135019",2014,95.9397648424748,0
"751135021",2014,117.226200907721,0
"751135105",2014,169.960939893656,0
"751135117",2014,117.131510416295,0
"751135120",2014,97.9989815135777,0
"751135122",2014,17.3304714350754,0
"751135123",2014,32.4593028664748,0
"751145301",2014,170.967280655678,0
"751145309",2014,103.332784379601,0
"751145405",2014,63.1950609270016,0
"751145501",2014,204.535235209522,0
"751145506",2014,28.0125886561763,0
"751145601",2014,172.56886594165,0
"751145605",2014,63.0198069952217,0
"751145618",2014,0.990635227873239,0
"751155727",2014,191.0716364421,0
"751155808",2014,97.1156440030589,0
"751155809",2014,152.744669719714,0
"751155810",2014,115.890002265418,0
"751155902",2014,20.1123641423599,0
"751155905",2014,16.1775869368152,0
"751155906",2014,83.8152198860832,0
"751155919",2014,93.3947563203933,0
"751156002",2014,138.648987481042,0
"751166103",2014,66.3663813615137,0
"751166115",2014,25.6257732108037,0
"751166126",2014,189.538887710328,0
"751176505",2014,244.742799793868,0
"751176614",2014,9.2725453151547,0
"751176708",2014,84.8084893215163,0
"751176712",2014,112.060075392,0
"751176715",2014,293.231821089989,0
"751176806",2014,108.141452593741,0
"751176807",2014,61.8666539914397,0
"751186901",2014,25.7719022284749,0
"751186902",2014,97.2165588190232,0
"751187010",2014,90.3998098913612,0
"751187023",2014,28.1918387648476,0
"751187107",2014,4.60717749524919,0
"751187202",2014,84.0287995885995,0
"751197306",2014,38.1174738794002,0
"751197314",2014,37.6462864735327,0
"751197315",2014,133.193352492121,0
"751197405",2014,38.1625610615769,0
"751197407",2014,223.72918501888,0
"751197504",2014,153.426603950407,0
"751197512",2014,41.915126842369,0
"751197609",2014,126.647738729772,0
"751197614",2014,87.8922076760281,0
"751207809",2014,34.9352603356266,0
"751208013",2014,57.1270087967047,0
"751041305",2014,37.2723159130195,0
"751041603",2014,23.428039805079,0
"751083101",2014,120.696820702413,0
"751093404",2014,38.2048501010376,0
"751093406",2014,23.1893356961482,0
"751135032",2014,158.13323796078,0
"751155732",2014,111.878681378498,0
"751166412",2014,160.280413083277,0
"751041399",2014,41.4906449032789,0
"751051799",2014,3.57996514561098,0
"751062199",2014,18.2077883497253,0
"751166299",2014,72.0459215231629,0
"751010204",2014,16.4991160146064,0
"751020802",2014,0.531556870634329,0
"751051803",2014,46.0262198021076,0
"751051804",2014,15.9476230884603,0
"751051901",2014,63.5151786180283,0
"751051908",2014,24.0543812312864,0
"751052003",2014,7.62942838848231,0
"751062201",2014,121.290759348972,0
"751072810",2014,23.9623842635719,0
"751072811",2014,22.9225479394241,0
"751083002",2014,115.765033722314,0
"751083203",2014,208.531941689366,0
"751093301",2014,105.706263240018,0
"751093306",2014,5.27941037390547,0
"751093307",2014,95.1637683714851,0
"751093601",2014,113.035985072015,0
"751103805",2014,2.28630818115933,0
"751103904",2014,32.0710920430459,0
"751104002",2014,17.8561068005795,0
"751104005",2014,11.4050447046571,0
"751114107",2014,25.7484319388475,0
"751114111",2014,4.01927309761801,0
"751114204",2014,134.006039733713,0
"751114206",2014,38.3853700959401,0
"751114302",2014,256.604061304496,0
"751114407",2014,25.37457142601,0
"751124601",2014,152.525108376484,0
"751124615",2014,283.29176981251,0
"751134901",2014,124.042489203013,0
"751135011",2014,16.9422586343115,0
"751135016",2014,23.953348198652,0
"751135114",2014,166.84388598941,0
"751135116",2014,153.500748210286,0
"751135204",2014,6.96938581401283,0
"751145310",2014,182.263602371199,0
"751145402",2014,183.237674270975,0
"751145516",2014,87.5106235877051,0
"751145619",2014,56.7836085509554,0
"751155705",2014,241.077898761574,0
"751155707",2014,167.832403133502,0
"751155709",2014,104.130068606654,0
"751155710",2014,140.929571269606,0
"751155730",2014,133.041893904286,0
"751155904",2014,64.2380340014181,0
"751155908",2014,242.895391869046,0
"751156003",2014,121.857887259142,0
"751166104",2014,141.633176577596,0
"751166119",2014,159.275397256331,0
"751166207",2014,123.838457209963,0
"751166309",2014,100.321609585696,0
"751176501",2014,71.7533946328449,0
"751176513",2014,188.991231104972,0
"751176515",2014,81.2853206067325,0
"751176603",2014,85.2113361893914,0
"751176702",2014,11.8192562225867,0
"751176802",2014,12.8358424880575,0
"751186912",2014,69.353805985381,0
"751187005",2014,33.1696517680372,0
"751187024",2014,44.382709553462,0
"751187025",2014,18.0687378514552,0
"751187207",2014,147.91824160355,0
"751187208",2014,123.719293530363,0
"751197301",2014,21.7223045855754,0
"751197310",2014,41.0747700203666,0
"751197503",2014,176.21310123019,0
"751197601",2014,17.4531697130665,0
"751197611",2014,161.917212956734,0
"751197613",2014,98.5588243146381,0
"751197616",2014,206.244231786021,0
"751207701",2014,137.026378195982,0
"751207703",2014,65.9507507028032,0
"751207901",2014,109.287305436237,0
"751207906",2014,47.167985185582,0
"751207907",2014,60.933267584263,0
"751207909",2014,28.0860875398076,0
"751208008",2014,83.9660491754864,0
"751020502",2014,180.440728309238,0
"751083005",2014,123.021591936064,0
"751083108",2014,41.8979263848117,0
"751083209",2014,18.7679345037154,0
"751093401",2014,46.880371789356,0
"751093407",2014,61.0758021773629,0
"751093409",2014,39.2777690334625,0
"751124812",2014,108.352646990024,0
"751155733",2014,85.5715568169896,0
"751155819",2014,61.2962127120992,0
"751155920",2014,12.2811640123626,0
"751051809",2014,292.889383844444,0
"751155999",2014,259.911955256259,0
"751166199",2014,167.311753897003,0
"751166377",2014,57.6688242786676,0
"751010401",2014,82.043411460164,0
"751020801",2014,16.5036578739602,0
"751020803",2014,3.26090021277223,0
"751031203",2014,7.6303909916597,0
"751041403",2014,42.3499652507125,0
"751051802",2014,11.1453714182699,0
"751051806",2014,17.572010424997,0
"751051902",2014,180.193324078389,0
"751051905",2014,55.8102030587059,0
"751051906",2014,160.01086171162,0
"751052001",2014,91.4797075674537,0
"751052004",2014,1.14135957131354,0
"751062101",2014,7.98877414943498,0
"751062301",2014,36.0310605967669,0
"751062306",2014,144.256000551172,0
"751072805",2014,145.670649126503,0
"751082901",2014,217.611070760282,0
"751083205",2014,187.598815044473,0
"751093303",2014,238.36401806942,0
"751093502",2014,14.9823694059462,0
"751103706",2014,30.953485122702,0
"751103707",2014,42.6594342478581,0
"751103709",2014,19.5422149630387,0
"751103803",2014,40.8873062186845,0
"751103804",2014,93.7384480119637,0
"751103908",2014,18.9125918573719,0
"751103909",2014,82.4945828568047,0
"751114105",2014,126.499219283859,0
"751114114",2014,7.64536945002324,0
"751114115",2014,107.982307594749,0
"751114301",2014,82.5127647549626,0
"751114303",2014,148.849614635277,0
"751114304",2014,103.631624855603,0
"751114313",2014,17.3070590495316,0
"751114318",2014,117.166009941652,0
"751114402",2014,85.9106616721628,0
"751124502",2014,63.8732407522925,0
"751124603",2014,12.6050572897014,0
"751124611",2014,73.279202607288,0
"751124614",2014,27.6444930911527,0
"751124705",2014,216.142564305646,0
"751124803",2014,46.9251216511666,0
"751124806",2014,29.5277706561682,0
"751124810",2014,94.7160444768022,0
"751135008",2014,74.1724448852073,0
"751135203",2014,40.5327667404376,0
"751145302",2014,161.665064015584,0
"751145304",2014,189.623492923647,0
"751145406",2014,5.44410697616883,0
"751145502",2014,53.3399634551313,0
"751145510",2014,8.45272854884212,0
"751145515",2014,185.458229915634,0
"751145604",2014,63.9071476577596,0
"751145617",2014,36.7000603722415,0
"751145620",2014,218.639137432193,0
"751155702",2014,102.408164888715,0
"751155721",2014,200.849669142945,0
"751155725",2014,127.21763338789,0
"751155802",2014,146.40605841361,0
"751155911",2014,38.5243664491785,0
"751155912",2014,54.1416561412416,0
"751156014",2014,93.7674486338128,0
"751156015",2014,84.8495284001646,0
"751166105",2014,144.12368099291,0
"751166106",2014,98.9765287902909,0
"751166117",2014,177.914585794978,0
"751166118",2014,205.951093185312,0
"751166127",2014,431.834568194006,0
"751166205",2014,78.2108859287173,0
"751166213",2014,21.1652974962905,0
"751166405",2014,272.466317705641,0
"751166409",2014,42.7708492905449,0
"751176506",2014,86.9448261572589,0
"751176510",2014,0.187311664709768,0
"751176514",2014,143.046398313489,0
"751176607",2014,10.7801815021163,0
"751176613",2014,3.37576813274574,0
"751176714",2014,69.06138143723,0
"751176716",2014,340.312144441585,0
"751176804",2014,34.3205520215075,0
"751176816",2014,19.7255388140058,0
"751186914",2014,235.99410153432,0
"751186915",2014,173.816621440781,0
"751186918",2014,118.189853068235,0
"751186922",2014,96.4550267172571,0
"751187015",2014,81.7412870845245,0
"751187019",2014,9.44605950864708,0
"751187026",2014,149.528508231236,0
"751187102",2014,20.3698494271459,0
"751197311",2014,65.0696813601419,0
"751197313",2014,20.8984932584192,0
"751197615",2014,153.233249607198,0
"751207702",2014,12.4338410377837,0
"751207704",2014,27.0151765790068,0
"751207708",2014,32.6328681273691,0
"751207807",2014,40.9766576148793,0
"751207810",2014,28.71507784105,0
"751207905",2014,403.161189114628,0
"751208002",2014,20.4623449255125,0
"751208006",2014,13.890605261208,0
"751208026",2014,13.0439823970329,0
"751010102",2014,110.099803947909,0
"751020503",2014,72.4668634019993,0
"751082905",2014,136.255274084318,0
"751083107",2014,56.4783583356803,0
"751083208",2014,212.508476391236,0
"751083210",2014,124.44797207058,0
"751093311",2014,80.859191894613,0
"751166410",2014,118.767787504491,0
"751041599",2014,206.662513970368,0
"751124677",2014,65.3690661072246,0
"751010101",2014,25.7771047698233,0
"751020601",2014,47.0969054864796,0
"751030902",2014,112.412892921049,0
"751031201",2014,103.365978092669,0
"751041503",2014,90.1702239341629,0
"751041602",2014,82.6143479485954,0
"751051808",2014,50.5922642071808,0
"751062302",2014,119.863580267754,0
"751072504",2014,218.750331480426,0
"751072602",2014,132.362120664448,0
"751083204",2014,161.769780860962,0
"751093304",2014,122.310917058852,0
"751093501",2014,26.0205755785737,0
"751093602",2014,8.99016175585207,0
"751093607",2014,152.245256134212,0
"751093608",2014,198.755197737507,0
"751103905",2014,11.8851302284217,0
"751114201",2014,21.8260248697931,0
"751114305",2014,126.798712408915,0
"751114314",2014,74.8889272872091,0
"751114403",2014,57.4882451483978,0
"751124505",2014,3.62143876547423,0
"751124704",2014,73.6337844770711,0
"751124804",2014,13.4090318037505,0
"751124807",2014,54.9772995246181,0
"751135003",2014,168.962805414782,0
"751135004",2014,82.5148515814752,0
"751135006",2014,25.014265115579,0
"751135012",2014,90.0752601488639,0
"751135025",2014,2.4312002461193,0
"751135031",2014,60.897100938742,0
"751135207",2014,20.2156042737991,0
"751145403",2014,25.3834174496374,0
"751145513",2014,125.425352416909,0
"751145606",2014,85.0731429079427,0
"751145611",2014,90.5698573772904,0
"751145622",2014,104.02356516296,0
"751155701",2014,165.395749898164,0
"751155714",2014,11.3492186214575,0
"751155716",2014,165.106560543226,0
"751155718",2014,224.660297331453,0
"751155720",2014,48.7529550257,0
"751155729",2014,110.988427680186,0
"751155804",2014,117.529253618184,0
"751155806",2014,148.205615355066,0
"751155811",2014,75.4519310109221,0
"751155903",2014,41.13837179046,0
"751155907",2014,163.523463115242,0
"751155909",2014,99.6679508118502,0
"751166107",2014,260.215256222226,0
"751166111",2014,316.207741772259,0
"751166128",2014,231.711879455262,0
"751166129",2014,145.410916393975,0
"751166130",2014,118.235543148736,0
"751166211",2014,223.652853354312,0
"751166301",2014,78.7435902539509,0
"751166308",2014,53.9467144943167,0
"751166310",2014,87.6792540244306,0
"751166402",2014,260.208977360037,0
"751176605",2014,178.111236723864,0
"751176615",2014,73.1876206355816,0
"751176616",2014,67.331529144417,0
"751176703",2014,26.9406523921635,0
"751176709",2014,119.883171485914,0
"751176710",2014,140.758813049365,0
"751176803",2014,35.4673878844458,0
"751176808",2014,62.377623450206,0
"751176814",2014,27.7154058917167,0
"751186919",2014,60.929731190586,0
"751186921",2014,52.2121234449671,0
"751186924",2014,87.388487462167,0
"751187018",2014,0.475993856331297,0
"751187021",2014,119.258106000234,0
"751187209",2014,162.376712085472,0
"751197312",2014,96.6544511954434,0
"751197316",2014,30.2201166774887,0
"751197507",2014,76.1570151089102,0
"751197508",2014,20.4375412344704,0
"751197511",2014,131.537240413573,0
"751197523",2014,147.314440981068,0
"751197612",2014,108.235735843317,0
"751207706",2014,7.84822098995781,0
"751207913",2014,18.3040156856755,0
"751208016",2014,31.7940878766177,0
"751010206",2014,78.7463572024798,0
"751072507",2014,68.5124298915107,0
"751082906",2014,225.303063135561,0
"751083103",2014,61.592071407291,0
"751124707",2014,162.926234179962,0
"751197318",2014,95.7209591229242,0
"751197525",2014,119.145630001881,0
"751072606",2014,106.60840478653,0
"751082907",2014,183.510889527456,0
"751197388",2014,70.9092686866019,0
"751010301",2014,62.8767213655963,0
"751030904",2014,52.76373093686,0
"751031001",2014,43.9783099148842,0
"751031002",2014,119.190261445053,0
"751041402",2014,4.12887595389242,0
"751041601",2014,14.9085004345083,0
"751062102",2014,66.6859958794227,0
"751062303",2014,7.4320474549422,0
"751072802",2014,53.6993392845145,0
"751093503",2014,27.7558724887012,0
"751093609",2014,67.8359042937431,0
"751103708",2014,2.48503173149613,0
"751103801",2014,7.19302537218432,0
"751103901",2014,109.514813767814,0
"751103903",2014,5.94642931497977,0
"751103907",2014,84.9153590637932,0
"751114113",2014,16.3019097087954,0
"751114202",2014,90.38011703354,0
"751114307",2014,97.7726178821813,0
"751114308",2014,31.2416316122998,0
"751114310",2014,31.8202297172307,0
"751114312",2014,0.932072769724809,0
"751114315",2014,14.1513787432945,0
"751114316",2014,9.15950723831927,0
"751114409",2014,227.6560290504,0
"751124503",2014,55.8006461395944,0
"751124508",2014,13.890751795312,0
"751124514",2014,52.9893759939572,0
"751124703",2014,235.244885939266,0
"751134906",2014,86.5576516021512,0
"751135101",2014,172.275960372348,0
"751135102",2014,18.2320319137977,0
"751135112",2014,25.0086985861483,0
"751135118",2014,120.095999097358,0
"751135202",2014,92.5974271677687,0
"751145504",2014,62.9232202262041,0
"751145505",2014,228.358947849938,0
"751145602",2014,50.9011274080936,0
"751145610",2014,88.2554705417533,0
"751145615",2014,51.4605382893936,0
"751155706",2014,94.3165507721472,0
"751155815",2014,66.9035988004762,0
"751155817",2014,154.401609928144,0
"751156009",2014,82.6404373616742,0
"751156013",2014,88.014353900702,0
"751166101",2014,250.157582085168,0
"751166102",2014,217.12972660969,0
"751166109",2014,140.259882513462,0
"751166122",2014,388.719468486784,0
"751166201",2014,125.262555484078,0
"751166220",2014,120.657848120152,0
"751166221",2014,236.024613483437,0
"751166303",2014,184.548820913714,0
"751166311",2014,166.225964164572,0
"751166403",2014,156.792743359489,0
"751176504",2014,243.451602070951,0
"751176507",2014,110.757769066498,0
"751176512",2014,165.935333777659,0
"751176602",2014,111.332095182878,0
"751176608",2014,82.5296044098795,0
"751176809",2014,2.30636994221966,0
"751176811",2014,28.1088204053649,0
"751176815",2014,7.00682579033144,0
"751186916",2014,101.903332135266,0
"751186925",2014,49.9768205950603,0
"751187001",2014,46.9098406101811,0
"751187012",2014,136.523681600231,0
"751187108",2014,3.86345937287389,0
"751197308",2014,154.458994759255,0
"751197505",2014,153.65546253819,0
"751197506",2014,17.0216456702105,0
"751197510",2014,4.90530502642653,0
"751197521",2014,113.284691660061,0
"751197522",2014,165.251275603023,0
"751197606",2014,34.8471831390814,0
"751197610",2014,89.4138384465661,0
"751207802",2014,57.4320886391826,0
"751207911",2014,15.392528848148,0
"751207916",2014,67.1978929353026,0
"751208001",2014,6.44340817508806,0
"751208010",2014,15.0068999653573,0
"751208015",2014,72.2106388954232,0
"751208021",2014,102.10637567507,0
"751010104",2014,0.765945831542737,0
"751020501",2014,168.347633330929,0
"751020704",2014,15.6355926322832,0
"751072605",2014,118.607466117818,0
"751083006",2014,2.08958337348509,0
"751083106",2014,140.382212686179,0
"751093504",2014,2.04961216361302,0
"751103711",2014,95.2475069827653,0
"751134908",2014,153.814363056296,0
"751156021",2014,119.611414602619,0
"751166223",2014,234.042089301687,0
"751176516",2014,127.400751970748,0
"751010199",2014,48.6151920980468,0
"751041588",2014,27.330577091797,0
"751072812",2014,37.6674778768322,0
"751166277",2014,92.0503838615149,0
"751020701",2014,2.71752011405767,0
"751031202",2014,104.99920717151,0
"751041301",2014,13.6431048752427,0
"751051704",2014,26.7165228491843,0
"751051904",2014,70.2185665456313,0
"751062202",2014,38.7123033156325,0
"751062304",2014,194.195534754227,0
"751062307",2014,56.4013312355188,0
"751062311",2014,105.132113499798,0
"751072809",2014,143.786092207985,0
"751093610",2014,103.463960560489,0
"751103702",2014,16.1180735958356,0
"751103802",2014,26.227398400909,0
"751103902",2014,50.6959479151451,0
"751103906",2014,68.7704128222004,0
"751104007",2014,89.3146369630496,0
"751114104",2014,62.2603408110385,0
"751114112",2014,19.1693321661515,0
"751114408",2014,122.458054008749,0
"751124513",2014,110.830237022139,0
"751124602",2014,93.6179276891608,0
"751124605",2014,12.4935654186787,0
"751124606",2014,46.0059785108125,0
"751124609",2014,122.594202698957,0
"751124613",2014,105.266570642411,0
"751124616",2014,289.712472212614,0
"751124617",2014,265.095219735083,0
"751124618",2014,62.5193456469042,0
"751124622",2014,61.5077186157694,0
"751124801",2014,105.176305596075,0
"751135020",2014,13.807564805087,0
"751135107",2014,76.1901280649299,0
"751135108",2014,146.788011150652,0
"751135115",2014,135.939202758926,0
"751135124",2014,93.4774315925785,0
"751135125",2014,33.9148898468055,0
"751135205",2014,128.244534635306,0
"751145401",2014,7.58720436186591,0
"751145503",2014,173.535710047686,0
"751145603",2014,202.383066054396,0
"751145612",2014,74.0627682215486,0
"751155708",2014,52.2795972837507,0
"751155724",2014,219.133391300233,0
"751155726",2014,334.650530868404,0
"751155801",2014,27.4270957983489,0
"751155803",2014,180.497359584825,0
"751155914",2014,26.9830948851984,0
"751156004",2014,167.62834717238,0
"751156010",2014,43.482780453281,0
"751166110",2014,133.136156511498,0
"751166121",2014,128.670245906227,0
"751166124",2014,67.6781877276491,0
"751166212",2014,73.3148392965884,0
"751166214",2014,235.53630145275,0
"751166302",2014,94.5372357777128,0
"751166304",2014,131.595392286294,0
"751176606",2014,103.875034740565,0
"751176609",2014,36.6920141472099,0
"751176612",2014,138.133682977522,0
"751176704",2014,29.2886353585484,0
"751176706",2014,46.5752906888004,0
"751186907",2014,95.3647797353823,0
"751186920",2014,6.23241159539444,0
"751186928",2014,94.5045413166321,0
"751187016",2014,55.0723806256478,0
"751187104",2014,22.0714518419295,0
"751197303",2014,58.4228836758794,0
"751197317",2014,179.623379489191,0
"751197403",2014,58.9594533199602,0
"751197411",2014,60.2355234638808,0
"751197607",2014,110.444572682467,0
"751207815",2014,2.10819354986175,0
"751207904",2014,119.801178299182,0
"751207915",2014,134.788014956819,0
"751208003",2014,10.7972794329685,0
"751208009",2014,79.8347962976274,0
"751208014",2014,84.8461125433851,0
"751010402",2014,285.593136865256,0
"751020602",2014,66.1051825522865,0
"751041304",2014,1.30908504538285,0
"751051706",2014,231.939072464521,0
"751072707",2014,61.6264649281446,0
"751082903",2014,74.5005192295983,0
"751083004",2014,145.497003803558,0
"751083104",2014,236.021687588467,0
"751083105",2014,105.388330241429,0
"751103712",2014,108.867965706602,0
"751145625",2014,232.736678880577,0
"751156022",2014,124.19375323923,0
"751124708",2014,107.978590313775,0
"751134999",2014,76.2186179376169,0
"751166177",2014,386.015401136532,0
"751020703",2014,39.4229377738988,0
"751020804",2014,20.6627964804655,0
"751051701",2014,94.6978232097037,0
"751051801",2014,65.5101868923476,0
"751062203",2014,2.00701384623251,0
"751062305",2014,174.198091450724,0
"751062308",2014,99.3819772800666,0
"751062402",2014,16.6009305258146,0
"751072601",2014,204.823144753782,0
"751072603",2014,64.322418509878,0
"751072701",2014,220.096498588829,0
"751072702",2014,207.386718743182,0
"751072703",2014,230.174298070116,0
"751072808",2014,174.949081604799,0
"751083201",2014,229.630935492354,0
"751083206",2014,195.384391573836,0
"751093302",2014,164.98131583208,0
"751093603",2014,18.4620371986917,0
"751093605",2014,54.6153657534981,0
"751103704",2014,1.2679409915263,0
"751104001",2014,91.7320706618298,0
"751104011",2014,16.1029979511449,0
"751114108",2014,36.0828381883954,0
"751114205",2014,88.3259591028041,0
"751114212",2014,153.141826859296,0
"751114306",2014,1.21245576271506,0
"751114321",2014,90.5719300754763,0
"751114404",2014,13.6805528067875,0
"751124510",2014,78.5546158441527,0
"751124604",2014,69.4748218486865,0
"751135001",2014,36.524281611473,0
"751135010",2014,75.943106696765,0
"751135017",2014,141.017975500129,0
"751135024",2014,106.373646114514,0
"751135030",2014,39.8538982880363,0
"751135110",2014,16.910011363299,0
"751135111",2014,84.8810300065637,0
"751135121",2014,54.2377922379647,0
"751145303",2014,76.871470758451,0
"751145307",2014,86.631638732023,0
"751145308",2014,101.51476658731,0
"751145613",2014,38.5931531382125,0
"751145624",2014,26.9417120692731,0
"751155711",2014,107.776547888778,0
"751155807",2014,147.068278780669,0
"751155814",2014,139.402723957301,0
"751155816",2014,74.7446214641329,0
"751155916",2014,13.4076546217069,0
"751156008",2014,13.1470032435303,0
"751156019",2014,141.434368446875,0
"751166123",2014,182.746525932374,0
"751166125",2014,409.801200177419,0
"751166206",2014,34.1944168510062,0
"751166209",2014,110.322637791623,0
"751166215",2014,247.48971633055,0
"751166218",2014,55.8138714256659,0
"751166219",2014,5.24378038812046,0
"751166407",2014,113.948834293159,0
"751176604",2014,114.602930280807,0
"751176701",2014,22.3383980548892,0
"751176711",2014,86.8221012835046,0
"751176812",2014,14.7631664049326,0
"751186903",2014,60.050474769425,0
"751186909",2014,45.9281286411549,0
"751186911",2014,43.1352276568947,0
"751186926",2014,158.299247031035,0
"751187013",2014,91.5938207502361,0
"751187027",2014,32.3081971339306,0
"751187101",2014,72.0089967782316,0
"751187103",2014,0.630193002842238,0
"751187106",2014,13.4896158186261,0
"751187110",2014,347.061369835012,0
"751187203",2014,98.8627780569678,0
"751197404",2014,57.8862438225222,0
"751197409",2014,97.0891333647629,0
"751197410",2014,56.9777843224637,0
"751197524",2014,89.1613216882384,0
"751197604",2014,31.0797551955488,0
"751207806",2014,4.82586205855302,0
"751207812",2014,120.975960046904,0
"751207813",2014,113.708163856726,0
"751207814",2014,141.241703044283,0
"751207816",2014,30.4552576893999,0
"751207910",2014,31.2452356919666,0
"751207912",2014,55.7052279769731,0
"751208007",2014,102.829288360542,0
"751208019",2014,17.3170262205603,0
"751208022",2014,63.1900878724586,0
"751208025",2014,24.6667272298217,0
"751010103",2014,20.4372551501613,0
"751093402",2014,76.4409212391197,0
"751104012",2014,256.422517693475,0
"751145311",2014,170.391195362774,0
"751166413",2014,136.925227065753,0
"751197412",2014,0.0843405306712032,0
"751072699",2014,1.56829001379587,0
"751124799",2014,1.44126774013344,0
"751124888",2014,35.9932319558785,0
"751166499",2014,73.0307128011127,0
"751010201",2014,15.1391157655698,0
"751020702",2014,20.49055729147,0
"751030903",2014,3.03172883771151,0
"751030905",2014,11.4533030870454,0
"751031103",2014,173.3496371503,0
"751031204",2014,173.486168691129,0
"751041302",2014,16.087036710572,0
"751041501",2014,52.9284796245854,0
"751041502",2014,27.2016071069203,0
"751051703",2014,26.2241328912572,0
"751051903",2014,40.5929813692564,0
"751062103",2014,12.0376228636813,0
"751072505",2014,30.0893387073927,0
"751072604",2014,0.157889123356858,0
"751072803",2014,20.1378051147247,0
"751083001",2014,144.548011133624,0
"751093310",2014,134.404421357029,0
"751103705",2014,96.8229747611048,0
"751103910",2014,36.7226986594159,0
"751104006",2014,20.9459933108124,0
"751104009",2014,1.24035975055007,0
"751114102",2014,23.255953393435,0
"751114208",2014,60.3986065750608,0
"751114309",2014,100.012656306269,0
"751114405",2014,45.2575795628204,0
"751124509",2014,119.313631845393,0
"751124511",2014,5.39129991509747,0
"751124512",2014,52.2149356404751,0
"751124612",2014,5.07176050598127,0
"751124619",2014,45.4382831349521,0
"751124621",2014,139.386056804129,0
"751124623",2014,24.5877613603205,0
"751124702",2014,153.529100900755,0
"751124802",2014,40.5536329652808,0
"751124805",2014,87.5413371787226,0
"751124808",2014,46.5114829799999,0
"751134907",2014,114.268224410729,0
"751135002",2014,104.024852053068,0
"751135005",2014,22.6624668819063,0
"751135007",2014,148.416325226526,0
"751135013",2014,147.679003345481,0
"751135015",2014,18.1140420971335,0
"751135028",2014,141.866643176896,0
"751145305",2014,244.599155454426,0
"751145306",2014,16.749940635481,0
"751145404",2014,27.9402828426815,0
"751145507",2014,7.1358022858,0
"751145508",2014,12.0072314059777,0
"751145514",2014,271.807029786485,0
"751145609",2014,130.261181029631,0
"751145621",2014,107.349852110223,0
"751155713",2014,116.858400987709,0
"751155715",2014,189.489583015823,0
"751155723",2014,110.634237490115,0
"751155728",2014,86.214140202091,0
"751155731",2014,175.623473835792,0
"751155913",2014,133.395972220059,0
"751155917",2014,32.6837609108979,0
"751155918",2014,248.495352027938,0
"751156007",2014,19.0030214831311,0
"751156012",2014,29.2046035862026,0
"751166108",2014,343.519029306703,0
"751166114",2014,54.469336749301,0
"751166202",2014,335.196115214499,0
"751166204",2014,173.06210722751,0
"751166306",2014,223.056507749555,0
"751166307",2014,12.3574579907297,0
"751176508",2014,16.7704833020165,0
"751176611",2014,130.201060567816,0
"751176707",2014,69.6201039405535,0
"751176713",2014,13.4743249336995,0
"751176801",2014,61.4163731729537,0
"751186904",2014,108.417855797848,0
"751186906",2014,11.8753020138063,0
"751186910",2014,116.275707022385,0
"751186913",2014,85.6200898565092,0
"751187002",2014,23.2732739528933,0
"751187006",2014,8.74497320778287,0
"751187007",2014,8.36160239302412,0
"751187011",2014,92.0012236432314,0
"751187201",2014,252.38924696487,0
"751197302",2014,43.3554399837332,0
"751197309",2014,181.498566072887,0
"751197402",2014,6.17372811575484,0
"751197502",2014,207.898346871417,0
"751197603",2014,19.7383597575555,0
"751197605",2014,31.1153305531956,0
"751207707",2014,13.6646703353146,0
"751207709",2014,61.2175444158641,0
"751207710",2014,0.517787039595412,0
"751207713",2014,133.312746968531,0
"751207902",2014,21.5300199269428,0
"751207908",2014,17.7818478077142,0
"751208005",2014,4.44820272131521,0
"751208017",2014,51.4716546304266,0
"751082902",2021,100.986409091955,1
"751093403",2021,31.3018600668336,1
"751103710",2021,163.991903901292,1
"751124813",2021,171.146241227627,1
"751155818",2021,113.751837074481,1
"751186929",2021,88.0101293613362,1
"751207917",2021,85.5416409764413,1
"751041699",2021,0.687822058253921,1
"751072599",2021,37.8000555116854,1
"751104088",2021,30.2330273357755,1
"751124577",2021,10.2546902217928,1
"751135099",2021,72.5640685962908,1
"751156099",2021,207.170353871061,1
"751197488",2021,19.8671398308566,1
"751020805",2021,17.4333989398001,1
"751030901",2021,8.180272237263,1
"751031004",2021,0.801556611854913,1
"751062401",2021,1.22445558937487,1
"751072705",2021,193.54229182054,1
"751072801",2021,102.095614249382,1
"751072804",2021,67.4895997417741,1
"751104004",2021,87.8837196704491,1
"751104008",2021,3.83398824666535,1
"751104010",2021,31.8180126072568,1
"751114109",2021,13.3684926610913,1
"751114207",2021,26.1873958246565,1
"751114209",2021,35.2516080648558,1
"751114210",2021,58.9956248941316,1
"751114213",2021,70.829568711689,1
"751114311",2021,36.4488069618481,1
"751114317",2021,52.8894515153818,1
"751114319",2021,91.067022629935,1
"751124501",2021,41.5397171234227,1
"751124620",2021,63.576112816296,1
"751124624",2021,61.0028084980921,1
"751124701",2021,13.5645031124116,1
"751134904",2021,1.21900428112302,1
"751134905",2021,12.918249194003,1
"751135023",2021,83.981578363031,1
"751135106",2021,18.0020360645613,1
"751145509",2021,13.376875956127,1
"751145511",2021,36.1895289625314,1
"751145607",2021,86.5817064635235,1
"751155704",2021,289.456164503565,1
"751155717",2021,127.901145014572,1
"751155719",2021,9.7221937657324,1
"751155901",2021,71.7947245734758,1
"751155910",2021,23.9313058044429,1
"751156005",2021,26.5561214766574,1
"751156016",2021,169.198899003323,1
"751156017",2021,143.419005429317,1
"751156018",2021,125.35894374356,1
"751156020",2021,252.2374900515,1
"751166112",2021,361.702177064802,1
"751166120",2021,215.914146281852,1
"751166210",2021,131.121185436162,1
"751166216",2021,124.221187527339,1
"751166305",2021,168.499426916227,1
"751166404",2021,111.586196849423,1
"751166406",2021,136.199088535271,1
"751176511",2021,5.66019782985434,1
"751176610",2021,95.5975768329627,1
"751176705",2021,44.5238488006289,1
"751176805",2021,25.885060681994,1
"751176813",2021,35.9751340185896,1
"751176817",2021,76.7784516861838,1
"751186917",2021,116.045377002295,1
"751186923",2021,90.2076119427748,1
"751186927",2021,13.6283354324154,1
"751187003",2021,77.9058284034087,1
"751187004",2021,8.62057612677218,1
"751187009",2021,20.2056776829177,1
"751187020",2021,36.0502204517446,1
"751187022",2021,23.7051139769037,1
"751187105",2021,0.0139997038861979,1
"751187109",2021,47.2126235447153,1
"751187206",2021,44.7690596385296,1
"751197401",2021,21.8999724770368,1
"751197406",2021,121.191906125507,1
"751197408",2021,49.642300114411,1
"751197509",2021,91.764592743607,1
"751197515",2021,65.7355615541077,1
"751197516",2021,153.387483108188,1
"751197518",2021,79.7509676022622,1
"751197519",2021,82.48342463156,1
"751197520",2021,23.9706948628437,1
"751207711",2021,66.7704646442157,1
"751207714",2021,48.5325043287426,1
"751207803",2021,41.3911272952404,1
"751207804",2021,37.7160690196518,1
"751207811",2021,85.0756242376883,1
"751207903",2021,91.8408489151798,1
"751208004",2021,13.8777134576266,1
"751208012",2021,29.001352075738,1
"751010205",2021,77.1191595969135,1
"751010302",2021,91.7601838441995,1
"751010303",2021,12.7047040926528,1
"751052005",2021,67.7268995485028,1
"751072508",2021,52.2806125743766,1
"751082904",2021,112.909494415981,1
"751083102",2021,155.318400760201,1
"751093408",2021,33.668726651069,1
"751145407",2021,266.588040060006,1
"751166131",2021,50.9521242345097,1
"751166411",2021,92.6729863408141,1
"751197413",2021,38.0516881790971,1
"751010105",2021,188.193133581767,1
"751072899",2021,33.9415613490779,1
"751082999",2021,30.4954040394648,1
"751103988",2021,32.2851409826199,1
"751010202",2021,20.2512165713896,1
"751010203",2021,21.9594199798085,1
"751031003",2021,9.34014952672911,1
"751031101",2021,165.594161446835,1
"751041404",2021,3.245697628041,1
"751041504",2021,2.60298449623484,1
"751051702",2021,31.5731896443052,1
"751051705",2021,51.5663149781431,1
"751051805",2021,103.021648247565,1
"751051807",2021,67.9727037615776,1
"751051907",2021,57.4381715668868,1
"751052002",2021,2.00626922815996,1
"751062309",2021,1.10449853021778,1
"751062310",2021,75.3874838834828,1
"751072502",2021,35.9803919297803,1
"751072503",2021,232.325598627736,1
"751072506",2021,4.85962605568366,1
"751072806",2021,10.8218238866365,1
"751072807",2021,10.5679658405914,1
"751083202",2021,198.410459796409,1
"751093309",2021,85.7729006765771,1
"751103703",2021,45.1059485662773,1
"751104003",2021,12.2053739341624,1
"751114101",2021,108.911265508722,1
"751114103",2021,134.619890245671,1
"751114214",2021,41.8515288825437,1
"751114410",2021,173.670923047815,1
"751124504",2021,4.14565596430022,1
"751124608",2021,65.8625244303279,1
"751134902",2021,25.0417667540637,1
"751134903",2021,16.4822102221327,1
"751135009",2021,55.3256609971521,1
"751135014",2021,94.9026523110587,1
"751135018",2021,148.272702123636,1
"751135026",2021,16.4958826974943,1
"751135027",2021,30.5867734067912,1
"751135029",2021,17.3686096395823,1
"751135103",2021,9.1143181798559,1
"751135104",2021,19.6627716867045,1
"751135109",2021,29.0064451727575,1
"751135113",2021,30.887033869545,1
"751135119",2021,132.621315496204,1
"751135201",2021,65.9739740535638,1
"751135206",2021,100.049968257496,1
"751145512",2021,30.9810512776811,1
"751145608",2021,25.791085871802,1
"751145614",2021,12.7921678846892,1
"751145616",2021,38.6031080056403,1
"751145623",2021,53.9708652911752,1
"751155703",2021,2.86129389154053,1
"751155712",2021,18.2750747426527,1
"751155722",2021,10.2297576267264,1
"751155805",2021,4.08671182080717,1
"751155812",2021,80.7593818804918,1
"751155813",2021,115.88039292325,1
"751155915",2021,13.4152510761096,1
"751156001",2021,141.622753755457,1
"751156006",2021,0.930685961073948,1
"751166113",2021,387.992500883198,1
"751166116",2021,201.938380226238,1
"751166203",2021,144.920021031659,1
"751166208",2021,288.032004299835,1
"751166217",2021,29.9820593238712,1
"751166401",2021,0.878442567712075,1
"751176502",2021,125.447191072379,1
"751176503",2021,174.255531868286,1
"751176509",2021,99.1441176847358,1
"751176601",2021,53.3857859023091,1
"751176810",2021,114.2371235234,1
"751186905",2021,19.2228905004498,1
"751186908",2021,61.9219313166434,1
"751187008",2021,6.93879733970171,1
"751187014",2021,35.0259282544858,1
"751187017",2021,84.0918427185924,1
"751187204",2021,16.351176680607,1
"751187205",2021,26.2056378125029,1
"751197304",2021,32.2504362865928,1
"751197305",2021,47.1372546549882,1
"751197307",2021,65.8463599235931,1
"751197501",2021,6.82641289603733,1
"751197513",2021,98.9060329975074,1
"751197514",2021,46.1584030869838,1
"751197517",2021,129.515119258188,1
"751197602",2021,9.55541627013624,1
"751197608",2021,74.6751693489321,1
"751207705",2021,50.832001652117,1
"751207712",2021,42.8772318816392,1
"751207801",2021,31.1468377811776,1
"751207805",2021,57.0534401503852,1
"751207808",2021,25.8837388393645,1
"751207914",2021,45.2842492213718,1
"751208011",2021,68.0037723456894,1
"751208018",2021,17.2903364230569,1
"751208020",2021,71.02695060946,1
"751208023",2021,3.97356977152099,1
"751208024",2021,2.00955530785141,1
"751083003",2021,70.732966625081,1
"751093405",2021,41.3283678468399,1
"751124706",2021,9.83685247168292,1
"751124811",2021,134.593062381104,1
"751166222",2021,97.9808760174024,1
"751041499",2021,9.10573080066772,1
"751051899",2021,33.9273138875807,1
"751052099",2021,1.22784304079305,1
"751062205",2021,267.322748513391,1
"751062499",2021,33.0287783345115,1
"751124899",2021,27.1637634030293,1
"751156023",2021,105.589620681888,1
"751197617",2021,170.125983686212,1
"751031102",2021,57.4834639141902,1
"751031104",2021,10.0206938800729,1
"751041303",2021,9.98698208886255,1
"751041401",2021,47.8880402897798,1
"751062204",2021,27.6486279899679,1
"751072501",2021,53.4984177102617,1
"751072704",2021,193.285666623005,1
"751072706",2021,84.5938419695145,1
"751083207",2021,45.7788263877332,1
"751093305",2021,101.645906970454,1
"751093308",2021,59.2310498814404,1
"751093604",2021,29.6076844130512,1
"751093606",2021,27.8317116520455,1
"751103701",2021,36.1924509672191,1
"751103806",2021,32.0973905481563,1
"751114106",2021,53.6360967740011,1
"751114110",2021,0.196550802444962,1
"751114203",2021,77.4324388739206,1
"751114211",2021,80.0631030238086,1
"751114320",2021,12.2358957901772,1
"751114401",2021,100.698293335308,1
"751114406",2021,55.4260381444948,1
"751114411",2021,142.292808762639,1
"751114412",2021,71.7536088261692,1
"751114413",2021,42.3204121469356,1
"751124506",2021,39.9078415652862,1
"751124507",2021,89.0811969081644,1
"751124610",2021,14.4654992905802,1
"751124809",2021,8.47807460221559,1
"751135019",2021,54.4307281872221,1
"751135021",2021,52.6735746868813,1
"751135105",2021,23.4326501834913,1
"751135117",2021,106.450965608265,1
"751135120",2021,96.3411890175315,1
"751135122",2021,17.2624049710085,1
"751135123",2021,31.5979901650501,1
"751145301",2021,82.0609762955123,1
"751145309",2021,103.278340769779,1
"751145405",2021,63.1950609270016,1
"751145501",2021,203.775295356987,1
"751145506",2021,18.5872005784859,1
"751145601",2021,154.180477131562,1
"751145605",2021,63.0198069952217,1
"751145618",2021,0.990635227873239,1
"751155727",2021,165.928955067189,1
"751155808",2021,92.8580531819417,1
"751155809",2021,196.380985709637,1
"751155810",2021,115.890002265418,1
"751155902",2021,20.1104495905275,1
"751155905",2021,16.1765899538304,1
"751155906",2021,83.8152198860832,1
"751155919",2021,93.3953435518239,1
"751156002",2021,49.3157590774275,1
"751166103",2021,2.16236270087161,1
"751166115",2021,24.5161586240687,1
"751166126",2021,122.326995091565,1
"751176505",2021,100.082829162091,1
"751176614",2021,9.2725453151547,1
"751176708",2021,84.8084844829094,1
"751176712",2021,112.060075392,1
"751176715",2021,2.53520522938312,1
"751176806",2021,4.22437377069785,1
"751176807",2021,61.4310298565839,1
"751186901",2021,25.7719022284749,1
"751186902",2021,97.2165588190232,1
"751187010",2021,89.8493324778165,1
"751187023",2021,26.5196069492779,1
"751187107",2021,4.60716586583924,1
"751187202",2021,29.6373100194949,1
"751197306",2021,38.1153498184702,1
"751197314",2021,37.6462864735327,1
"751197315",2021,112.507174073789,1
"751197405",2021,37.6171381887387,1
"751197407",2021,223.72918501888,1
"751197504",2021,84.3021661997219,1
"751197512",2021,11.9419271848403,1
"751197609",2021,124.702673326546,1
"751197614",2021,85.8385564331072,1
"751207809",2021,34.9352603356266,1
"751208013",2021,55.5698402435951,1
"751041305",2021,37.1402077950029,1
"751041603",2021,23.428039805079,1
"751083101",2021,120.696820702413,1
"751093404",2021,36.3080679386441,1
"751093406",2021,22.8382412036254,1
"751135032",2021,158.42074551677,1
"751155732",2021,111.878681378498,1
"751166412",2021,159.516945776603,1
"751041399",2021,16.4491934695298,1
"751051799",2021,2.5155055337295,1
"751062199",2021,8.27663572222274,1
"751166299",2021,34.0138304282625,1
"751010204",2021,16.4991160146064,1
"751020802",2021,0.531556870634329,1
"751051803",2021,46.0262198021076,1
"751051804",2021,15.9476230884603,1
"751051901",2021,62.4386141901222,1
"751051908",2021,24.0543812312864,1
"751052003",2021,7.56390783702149,1
"751062201",2021,121.290759348972,1
"751072810",2021,23.9623842635719,1
"751072811",2021,22.9225479394241,1
"751083002",2021,115.765033722314,1
"751083203",2021,170.036911222184,1
"751093301",2021,17.5656266544613,1
"751093306",2021,5.27941037390547,1
"751093307",2021,28.4031061665947,1
"751093601",2021,18.7983189613374,1
"751103805",2021,2.28516629991338,1
"751103904",2021,32.0710920430459,1
"751104002",2021,17.8561068005795,1
"751104005",2021,11.0789439327041,1
"751114107",2021,25.7484319388475,1
"751114111",2021,3.78424186749769,1
"751114204",2021,53.4822547350322,1
"751114206",2021,38.3852403083046,1
"751114302",2021,51.0658539971188,1
"751114407",2021,25.37457142601,1
"751124601",2021,152.349097141356,1
"751124615",2021,52.9907801572743,1
"751134901",2021,57.3060017706276,1
"751135011",2021,15.8263277679833,1
"751135016",2021,21.5693599386476,1
"751135114",2021,102.190114481496,1
"751135116",2021,18.3080981484739,1
"751135204",2021,6.96938581401283,1
"751145310",2021,157.898081536983,1
"751145402",2021,5.37356424816607,1
"751145516",2021,5.73173530362187,1
"751145619",2021,55.5182242103117,1
"751155705",2021,5.15311375510246,1
"751155707",2021,67.6481174647654,1
"751155709",2021,61.2624176430459,1
"751155710",2021,126.190271365934,1
"751155730",2021,9.21513939647754,1
"751155904",2021,64.2380340014181,1
"751155908",2021,172.121168442972,1
"751156003",2021,130.542767324585,1
"751166104",2021,49.5857415487362,1
"751166119",2021,159.275397256331,1
"751166207",2021,25.3811682225539,1
"751166309",2021,100.321609585696,1
"751176501",2021,71.7378828098519,1
"751176513",2021,125.759956178574,1
"751176515",2021,42.3102846523828,1
"751176603",2021,85.2113361893914,1
"751176702",2021,9.28704577594385,1
"751176802",2021,12.8347273609081,1
"751186912",2021,69.1825057041055,1
"751187005",2021,33.1631540983736,1
"751187024",2021,44.382709553462,1
"751187025",2021,18.0687378514552,1
"751187207",2021,147.91824160355,1
"751187208",2021,124.329690439925,1
"751197301",2021,21.7223045855754,1
"751197310",2021,37.1993919628218,1
"751197503",2021,17.7500608190103,1
"751197601",2021,16.6231770191478,1
"751197611",2021,102.476985845332,1
"751197613",2021,99.3816070781558,1
"751197616",2021,123.257602142667,1
"751207701",2021,27.3709824269535,1
"751207703",2021,65.9507507028032,1
"751207901",2021,25.3271130971174,1
"751207906",2021,46.4299295660601,1
"751207907",2021,60.933267584263,1
"751207909",2021,3.72796228210139,1
"751208008",2021,79.8134759410839,1
"751020502",2021,53.945580012949,1
"751083005",2021,123.021591936064,1
"751083108",2021,41.8979263848117,1
"751083209",2021,15.3458017456693,1
"751093401",2021,46.880371789356,1
"751093407",2021,14.1549107156257,1
"751093409",2021,38.9068622896181,1
"751124812",2021,19.4205914273122,1
"751155733",2021,57.2366817595228,1
"751155819",2021,61.2962127120992,1
"751155920",2021,12.2811640123626,1
"751051809",2021,199.423496859379,1
"751155999",2021,44.4537806472771,1
"751166199",2021,46.300847658399,1
"751166377",2021,57.2418891066556,1
"751010401",2021,81.9273510903401,1
"751020801",2021,16.4376178483023,1
"751020803",2021,3.25911621923312,1
"751031203",2021,6.94612479938456,1
"751041403",2021,42.3499652507125,1
"751051802",2021,9.01402990371329,1
"751051806",2021,17.5693173069501,1
"751051902",2021,180.834591467176,1
"751051905",2021,55.7543218606032,1
"751051906",2021,160.004092582252,1
"751052001",2021,4.10050052488988,1
"751052004",2021,1.14135957131354,1
"751062101",2021,7.98877414943498,1
"751062301",2021,35.2144179578795,1
"751062306",2021,23.6062055250865,1
"751072805",2021,18.5487398887824,1
"751082901",2021,61.10638063559,1
"751083205",2021,189.213778770606,1
"751093303",2021,139.901398521075,1
"751093502",2021,14.9823694059462,1
"751103706",2021,29.873217689302,1
"751103707",2021,42.6594342478581,1
"751103709",2021,14.0315738472114,1
"751103803",2021,40.8873062186845,1
"751103804",2021,93.7384480119637,1
"751103908",2021,16.1001818226601,1
"751103909",2021,82.3961953998192,1
"751114105",2021,32.6527681904729,1
"751114114",2021,7.52707131716654,1
"751114115",2021,75.9690087740956,1
"751114301",2021,82.5108143883447,1
"751114303",2021,58.4955344763089,1
"751114304",2021,13.1075101627068,1
"751114313",2021,17.2829967389143,1
"751114318",2021,3.83895031637996,1
"751114402",2021,0.426788362410747,1
"751124502",2021,63.8732407522925,1
"751124603",2021,12.6050572897014,1
"751124611",2021,72.7538251684973,1
"751124614",2021,27.6444930911527,1
"751124705",2021,193.569342561464,1
"751124803",2021,17.8299499955015,1
"751124806",2021,29.5277706561682,1
"751124810",2021,94.7160444768022,1
"751135008",2021,44.8458373790692,1
"751135203",2021,40.6112456014027,1
"751145302",2021,161.661690162252,1
"751145304",2021,0.92865739029303,1
"751145406",2021,3.83709018994181,1
"751145502",2021,53.271191398997,1
"751145510",2021,8.33270056828763,1
"751145515",2021,185.458229915634,1
"751145604",2021,63.9071476577596,1
"751145617",2021,34.0034959616521,1
"751145620",2021,39.6986501647037,1
"751155702",2021,102.190062009431,1
"751155721",2021,19.4622304171109,1
"751155725",2021,127.21763338789,1
"751155802",2021,5.44405373695689,1
"751155911",2021,38.5243664491785,1
"751155912",2021,53.5336825970196,1
"751156014",2021,58.0373461100531,1
"751156015",2021,84.2137924574703,1
"751166105",2021,144.12368099291,1
"751166106",2021,58.8251643334495,1
"751166117",2021,178.002653258645,1
"751166118",2021,104.627633795922,1
"751166127",2021,333.086052604595,1
"751166205",2021,78.2108859287173,1
"751166213",2021,21.1652974962905,1
"751166405",2021,272.358609984075,1
"751166409",2021,42.7708492905449,1
"751176506",2021,77.6166540602075,1
"751176510",2021,0.187311664709768,1
"751176514",2021,56.5442365718673,1
"751176607",2021,10.7801815021163,1
"751176613",2021,1.69344208450961,1
"751176714",2021,48.7195508510064,1
"751176716",2021,65.2031634177471,1
"751176804",2021,34.3121805819684,1
"751176816",2021,2.19691287101918,1
"751186914",2021,21.7020452720094,1
"751186915",2021,92.2346120548053,1
"751186918",2021,110.923547039557,1
"751186922",2021,96.4550267172571,1
"751187015",2021,21.5585119903454,1
"751187019",2021,9.44605950864708,1
"751187026",2021,147.054955136691,1
"751187102",2021,19.8926036914234,1
"751197311",2021,46.2548527292133,1
"751197313",2021,20.8984932584192,1
"751197615",2021,153.290592782319,1
"751207702",2021,12.4338410377837,1
"751207704",2021,27.0151765790068,1
"751207708",2021,31.4564508645703,1
"751207807",2021,40.9766576148793,1
"751207810",2021,28.71507784105,1
"751207905",2021,426.697847625863,1
"751208002",2021,20.4623449255125,1
"751208006",2021,13.8261042517794,1
"751208026",2021,13.0439095987976,1
"751010102",2021,110.099803947909,1
"751020503",2021,45.7058958217742,1
"751082905",2021,136.255274084318,1
"751083107",2021,48.0816084561516,1
"751083208",2021,110.354888705552,1
"751083210",2021,124.44797207058,1
"751093311",2021,104.767496297747,1
"751166410",2021,118.767787504491,1
"751041599",2021,5.08017352680144,1
"751124677",2021,18.5683835300087,1
"751010101",2021,25.7771047698233,1
"751020601",2021,47.0969054864796,1
"751030902",2021,5.4776524650881,1
"751031201",2021,31.6965679705012,1
"751041503",2021,40.4855023535534,1
"751041602",2021,82.6143479485954,1
"751051808",2021,50.5922642071808,1
"751062302",2021,119.863580267754,1
"751072504",2021,13.3727534063427,1
"751072602",2021,95.5033745638736,1
"751083204",2021,89.3310080428266,1
"751093304",2021,122.310917058852,1
"751093501",2021,26.0205755785737,1
"751093602",2021,8.93024930581422,1
"751093607",2021,14.5253637431914,1
"751093608",2021,5.56735131080674,1
"751103905",2021,11.8847979391456,1
"751114201",2021,21.7183086121313,1
"751114305",2021,7.2797734750262,1
"751114314",2021,74.8038347867063,1
"751114403",2021,50.7379151432125,1
"751124505",2021,3.42507584462055,1
"751124704",2021,0.730513469813696,1
"751124804",2021,13.3790683253722,1
"751124807",2021,54.9772995246181,1
"751135003",2021,48.8827557392569,1
"751135004",2021,69.0541689950836,1
"751135006",2021,25.014265115579,1
"751135012",2021,72.2784122069486,1
"751135025",2021,2.43094090289817,1
"751135031",2021,60.897100938742,1
"751135207",2021,20.1787249149517,1
"751145403",2021,25.3834174496374,1
"751145513",2021,125.425352416909,1
"751145606",2021,39.4137240766972,1
"751145611",2021,42.1454388663808,1
"751145622",2021,10.3168068413022,1
"751155701",2021,165.395749898164,1
"751155714",2021,11.3492186214575,1
"751155716",2021,99.477024499067,1
"751155718",2021,14.4824935753257,1
"751155720",2021,10.5964040218097,1
"751155729",2021,110.988427680186,1
"751155804",2021,130.119209478094,1
"751155806",2021,10.5506635143782,1
"751155811",2021,75.5587460986495,1
"751155903",2021,41.13837179046,1
"751155907",2021,161.83836215118,1
"751155909",2021,99.6679508118502,1
"751166107",2021,226.455465116111,1
"751166111",2021,316.207741772259,1
"751166128",2021,236.086769686934,1
"751166129",2021,36.6417851672933,1
"751166130",2021,1.43703787886506,1
"751166211",2021,206.206928403129,1
"751166301",2021,78.7441497336988,1
"751166308",2021,53.9467144943167,1
"751166310",2021,87.6150601248531,1
"751166402",2021,260.208977360037,1
"751176605",2021,178.111236723864,1
"751176615",2021,73.1876206355816,1
"751176616",2021,67.331529144417,1
"751176703",2021,26.9406523921635,1
"751176709",2021,20.1125822015236,1
"751176710",2021,126.908965776874,1
"751176803",2021,34.8694517344523,1
"751176808",2021,61.6433736021511,1
"751176814",2021,27.7154058917167,1
"751186919",2021,60.929731190586,1
"751186921",2021,52.2017252636447,1
"751186924",2021,87.388487462167,1
"751187018",2021,0.473326200098958,1
"751187021",2021,13.8246607618701,1
"751187209",2021,143.852495698446,1
"751197312",2021,96.0470881876583,1
"751197316",2021,28.7378958903446,1
"751197507",2021,76.1570151089102,1
"751197508",2021,20.3779146457098,1
"751197511",2021,18.7434618034047,1
"751197523",2021,45.2602240707591,1
"751197612",2021,106.350128450987,1
"751207706",2021,4.19477174289286,1
"751207913",2021,18.3040156856755,1
"751208016",2021,31.4200206961063,1
"751010206",2021,30.6328294248547,1
"751072507",2021,2.46246042569139,1
"751082906",2021,3.81767682016271,1
"751083103",2021,61.567962859457,1
"751124707",2021,157.668589632377,1
"751197318",2021,67.1136947210047,1
"751197525",2021,118.61143720286,1
"751072606",2021,71.1422440188798,1
"751082907",2021,74.1258695442538,1
"751197388",2021,70.9092686866019,1
"751010301",2021,6.2176820304432,1
"751030904",2021,0.667141586873574,1
"751031001",2021,43.977578262669,1
"751031002",2021,119.190261445053,1
"751041402",2021,4.12887595389242,1
"751041601",2021,6.17572523407464,1
"751062102",2021,56.2339734701637,1
"751062303",2021,7.4320474549422,1
"751072802",2021,53.6993392845145,1
"751093503",2021,27.7558724887012,1
"751093609",2021,67.8137612358828,1
"751103708",2021,2.25256777353484,1
"751103801",2021,6.81382281458938,1
"751103901",2021,109.514813767814,1
"751103903",2021,5.65919794405446,1
"751103907",2021,27.7300312966317,1
"751114113",2021,16.3019097087954,1
"751114202",2021,79.1701689827592,1
"751114307",2021,97.7726359947707,1
"751114308",2021,31.2416316122998,1
"751114310",2021,31.5001772787133,1
"751114312",2021,0.932072769724809,1
"751114315",2021,14.1266420148484,1
"751114316",2021,9.15950723831927,1
"751114409",2021,11.2334927370031,1
"751124503",2021,55.1227669273391,1
"751124508",2021,13.890751795312,1
"751124514",2021,52.9893759939572,1
"751124703",2021,262.23771178176,1
"751134906",2021,25.3418178496709,1
"751135101",2021,171.704010147227,1
"751135102",2021,18.2320319137977,1
"751135112",2021,24.8227269484407,1
"751135118",2021,120.095999097358,1
"751135202",2021,92.2989725583945,1
"751145504",2021,2.5557145759411,1
"751145505",2021,28.3251747669908,1
"751145602",2021,19.6766364131851,1
"751145610",2021,19.0157926931079,1
"751145615",2021,51.4605382893936,1
"751155706",2021,21.3873135247664,1
"751155815",2021,67.0506306451185,1
"751155817",2021,68.1515039393305,1
"751156009",2021,39.2140813385342,1
"751156013",2021,88.014353900702,1
"751166101",2021,5.13854987477219,1
"751166102",2021,23.6643595309298,1
"751166109",2021,80.9113384729903,1
"751166122",2021,383.829627033942,1
"751166201",2021,125.262555484078,1
"751166220",2021,120.657848120152,1
"751166221",2021,194.092743970476,1
"751166303",2021,184.548820913714,1
"751166311",2021,166.225964164572,1
"751166403",2021,155.435752089358,1
"751176504",2021,243.441077334545,1
"751176507",2021,110.757769066498,1
"751176512",2021,75.1271260248964,1
"751176602",2021,111.333435291309,1
"751176608",2021,82.5296044098795,1
"751176809",2021,2.30636994221966,1
"751176811",2021,28.1088204053649,1
"751176815",2021,7.00682579033144,1
"751186916",2021,101.903332135266,1
"751186925",2021,49.405718657198,1
"751187001",2021,46.9098406101811,1
"751187012",2021,84.9039949892892,1
"751187108",2021,3.86345937287389,1
"751197308",2021,154.458994759255,1
"751197505",2021,38.8599817936915,1
"751197506",2021,16.066872631563,1
"751197510",2021,4.90530502642653,1
"751197521",2021,77.0908441539882,1
"751197522",2021,164.725657017188,1
"751197606",2021,34.3759419201673,1
"751197610",2021,89.020367750405,1
"751207802",2021,55.8491005841213,1
"751207911",2021,15.3923152950474,1
"751207916",2021,20.8145982507025,1
"751208001",2021,6.44340817508806,1
"751208010",2021,15.0059694362956,1
"751208015",2021,72.2106388954232,1
"751208021",2021,99.6100054061001,1
"751010104",2021,0.765945831542737,1
"751020501",2021,16.7249503499684,1
"751020704",2021,15.6355926322832,1
"751072605",2021,116.807443836387,1
"751083006",2021,2.08958337348509,1
"751083106",2021,81.4657866782345,1
"751093504",2021,1.80230676254256,1
"751103711",2021,91.2471789864753,1
"751134908",2021,153.814363056296,1
"751156021",2021,113.275968822347,1
"751166223",2021,271.662431552421,1
"751176516",2021,9.16159922116055,1
"751010199",2021,44.1915565586057,1
"751041588",2021,27.330577091797,1
"751072812",2021,37.6674778768322,1
"751166277",2021,92.0503838615149,1
"751020701",2021,2.71752011405767,1
"751031202",2021,39.822620861915,1
"751041301",2021,13.6431048752427,1
"751051704",2021,24.8407575360207,1
"751051904",2021,68.1584826651181,1
"751062202",2021,3.38236035196749,1
"751062304",2021,7.47955030930797,1
"751062307",2021,56.4013312355188,1
"751062311",2021,63.1691454350431,1
"751072809",2021,136.143294086426,1
"751093610",2021,10.1905180323783,1
"751103702",2021,16.1023651177869,1
"751103802",2021,26.227398400909,1
"751103902",2021,50.2483737507803,1
"751103906",2021,32.0396272618828,1
"751104007",2021,89.3146369630496,1
"751114104",2021,38.9709130342007,1
"751114112",2021,18.5026718086753,1
"751114408",2021,94.4033527223968,1
"751124513",2021,110.830237022139,1
"751124602",2021,93.6179276891608,1
"751124605",2021,12.4935654186787,1
"751124606",2021,46.0059785108125,1
"751124609",2021,122.594202698957,1
"751124613",2021,105.266570642411,1
"751124616",2021,248.031283423535,1
"751124617",2021,162.940978370799,1
"751124618",2021,61.5976030761062,1
"751124622",2021,62.4164811182916,1
"751124801",2021,20.1923787922795,1
"751135020",2021,13.807564805087,1
"751135107",2021,74.9771947659205,1
"751135108",2021,143.980021627131,1
"751135115",2021,4.30995564833736,1
"751135124",2021,93.4774315925785,1
"751135125",2021,33.9148898468055,1
"751135205",2021,120.340327842536,1
"751145401",2021,7.58720436186591,1
"751145503",2021,84.7778336991881,1
"751145603",2021,75.5306588017572,1
"751145612",2021,39.8904953508814,1
"751155708",2021,52.2795972837507,1
"751155724",2021,50.0130789254506,1
"751155726",2021,119.759410944534,1
"751155801",2021,27.4132463845109,1
"751155803",2021,52.1905906356091,1
"751155914",2021,26.9830948851984,1
"751156004",2021,33.2797003247024,1
"751156010",2021,43.482780453281,1
"751166110",2021,133.136156511498,1
"751166121",2021,128.222113979459,1
"751166124",2021,67.6781877276491,1
"751166212",2021,12.4906443286104,1
"751166214",2021,235.53630145275,1
"751166302",2021,94.5372357777128,1
"751166304",2021,131.595392286294,1
"751176606",2021,103.875034740565,1
"751176609",2021,36.6920141472099,1
"751176612",2021,129.68177452743,1
"751176704",2021,29.2657620240459,1
"751176706",2021,46.5752906888004,1
"751186907",2021,95.3647797353823,1
"751186920",2021,6.22931675865166,1
"751186928",2021,15.8265658474698,1
"751187016",2021,55.0723806256478,1
"751187104",2021,21.2999523172489,1
"751197303",2021,58.4228836758794,1
"751197317",2021,176.761859728857,1
"751197403",2021,58.8150932707923,1
"751197411",2021,60.2355234638808,1
"751197607",2021,65.0127619686755,1
"751207815",2021,2.10819354986175,1
"751207904",2021,9.72160057412628,1
"751207915",2021,20.6493490175614,1
"751208003",2021,10.7972794329685,1
"751208009",2021,17.7157315782654,1
"751208014",2021,84.5551818279886,1
"751010402",2021,142.902956499236,1
"751020602",2021,9.13738986788029,1
"751041304",2021,1.30908504538285,1
"751051706",2021,231.254504200959,1
"751072707",2021,61.6264649281446,1
"751082903",2021,38.9456384008307,1
"751083004",2021,122.723704304244,1
"751083104",2021,180.729668584411,1
"751083105",2021,105.388330241429,1
"751103712",2021,108.867965706602,1
"751145625",2021,48.6537448303335,1
"751156022",2021,40.96589031422,1
"751124708",2021,3.29290056965289,1
"751134999",2021,17.1566710216148,1
"751166177",2021,27.6154410577546,1
"751020703",2021,39.4229377738988,1
"751020804",2021,20.5613475844069,1
"751051701",2021,94.1914242111362,1
"751051801",2021,65.5101868923476,1
"751062203",2021,2.00701384623251,1
"751062305",2021,59.4656199456782,1
"751062308",2021,1.80695393598563,1
"751062402",2021,16.6009305258146,1
"751072601",2021,86.2522770706749,1
"751072603",2021,64.3177371012261,1
"751072701",2021,61.2578966131886,1
"751072702",2021,133.761614393576,1
"751072703",2021,223.907300083786,1
"751072808",2021,83.6306695027432,1
"751083201",2021,8.50721237675628,1
"751083206",2021,168.517077370184,1
"751093302",2021,31.6882910900541,1
"751093603",2021,18.4620371986917,1
"751093605",2021,17.8443506523928,1
"751103704",2021,1.2679409915263,1
"751104001",2021,91.7320706618298,1
"751104011",2021,16.0804478290853,1
"751114108",2021,36.0828381883954,1
"751114205",2021,14.4661161560537,1
"751114212",2021,28.2319111953845,1
"751114306",2021,1.21245576271506,1
"751114321",2021,26.3233490242918,1
"751114404",2021,13.6797430528926,1
"751124510",2021,78.5755144503718,1
"751124604",2021,69.4748218486865,1
"751135001",2021,36.524281611473,1
"751135010",2021,75.943106696765,1
"751135017",2021,12.8671449950545,1
"751135024",2021,49.9505116084385,1
"751135030",2021,39.8538982880363,1
"751135110",2021,16.284749660068,1
"751135111",2021,84.8810300065637,1
"751135121",2021,54.2377922379647,1
"751145303",2021,10.6786217506537,1
"751145307",2021,86.6243594562334,1
"751145308",2021,101.513043036517,1
"751145613",2021,39.4516795636369,1
"751145624",2021,28.039900341173,1
"751155711",2021,56.625917280104,1
"751155807",2021,141.982322654106,1
"751155814",2021,138.797940848877,1
"751155816",2021,39.7694982199746,1
"751155916",2021,13.4076546217069,1
"751156008",2021,13.1470032435303,1
"751156019",2021,141.589772690412,1
"751166123",2021,182.746525932374,1
"751166125",2021,389.544239959168,1
"751166206",2021,28.9498505920016,1
"751166209",2021,110.322637791623,1
"751166215",2021,247.48971633055,1
"751166218",2021,55.8138714256659,1
"751166219",2021,5.24378038812046,1
"751166407",2021,113.948945913858,1
"751176604",2021,114.602930280807,1
"751176701",2021,22.3383980548892,1
"751176711",2021,86.8221012835046,1
"751176812",2021,14.7555668328836,1
"751186903",2021,60.050474769425,1
"751186909",2021,45.4067865140077,1
"751186911",2021,32.2602558047417,1
"751186926",2021,77.5347828498501,1
"751187013",2021,86.0578898005423,1
"751187027",2021,29.0368793081863,1
"751187101",2021,72.0089967782316,1
"751187103",2021,0.630193002842238,1
"751187106",2021,13.4754178712283,1
"751187110",2021,117.807753835633,1
"751187203",2021,98.8627780569678,1
"751197404",2021,57.8862438225222,1
"751197409",2021,73.7580433022257,1
"751197410",2021,41.6015619834834,1
"751197524",2021,88.5449048265056,1
"751197604",2021,30.9474794219352,1
"751207806",2021,4.82586205855302,1
"751207812",2021,113.574953274534,1
"751207813",2021,113.708163856726,1
"751207814",2021,141.241703044283,1
"751207816",2021,30.4552576893999,1
"751207910",2021,21.0522952694988,1
"751207912",2021,55.7052279769731,1
"751208007",2021,102.829288360542,1
"751208019",2021,10.2372286958903,1
"751208022",2021,63.1900878724586,1
"751208025",2021,24.6667272298217,1
"751010103",2021,20.0329351464226,1
"751093402",2021,76.1027447870104,1
"751104012",2021,224.443808828734,1
"751145311",2021,170.391195362774,1
"751166413",2021,76.2096458958682,1
"751197412",2021,0.0843405306712032,1
"751072699",2021,1.05550853827674,1
"751124799",2021,1.44015457415587,1
"751124888",2021,35.9124647414016,1
"751166499",2021,71.462871268579,1
"751010201",2021,14.7277374721138,1
"751020702",2021,20.49055729147,1
"751030903",2021,1.4667450782066,1
"751030905",2021,11.4533030870454,1
"751031103",2021,152.011969673708,1
"751031204",2021,21.7163120547389,1
"751041302",2021,16.087036710572,1
"751041501",2021,52.9284796245854,1
"751041502",2021,27.2016071069203,1
"751051703",2021,26.2241328912572,1
"751051903",2021,40.5929813692564,1
"751062103",2021,12.033612581639,1
"751072505",2021,30.0893387073927,1
"751072604",2021,0.157889123356858,1
"751072803",2021,20.1378051147247,1
"751083001",2021,144.548011133624,1
"751093310",2021,180.773268017762,1
"751103705",2021,56.5343983719874,1
"751103910",2021,36.2329145184844,1
"751104006",2021,20.9459933108124,1
"751104009",2021,1.24035975055007,1
"751114102",2021,23.255953393435,1
"751114208",2021,60.3947060360573,1
"751114309",2021,100.017151402007,1
"751114405",2021,45.2572838644624,1
"751124509",2021,119.313631845393,1
"751124511",2021,5.39129991509747,1
"751124512",2021,52.2149356404751,1
"751124612",2021,5.07176050598127,1
"751124619",2021,45.4382831349521,1
"751124621",2021,29.9380591963808,1
"751124623",2021,24.5877613603205,1
"751124702",2021,170.046733146094,1
"751124802",2021,40.5536329652808,1
"751124805",2021,87.5413371787226,1
"751124808",2021,8.0582486650566,1
"751134907",2021,40.732091989415,1
"751135002",2021,70.1656559630819,1
"751135005",2021,12.762957066625,1
"751135007",2021,159.92244544007,1
"751135013",2021,94.9716287530776,1
"751135015",2021,18.0910544126,1
"751135028",2021,146.487491278672,1
"751145305",2021,211.900955169271,1
"751145306",2021,16.749940635481,1
"751145404",2021,27.9402828426815,1
"751145507",2021,7.1358022858,1
"751145508",2021,3.63310921067592,1
"751145514",2021,13.0869359690742,1
"751145609",2021,14.3235939526055,1
"751145621",2021,18.8346770940692,1
"751155713",2021,111.451182830382,1
"751155715",2021,85.5410860855508,1
"751155723",2021,6.33760999964445,1
"751155728",2021,83.8530122624503,1
"751155731",2021,43.8011139439858,1
"751155913",2021,133.395972220059,1
"751155917",2021,32.0450490056329,1
"751155918",2021,241.539635129023,1
"751156007",2021,19.0030214831311,1
"751156012",2021,28.240828532437,1
"751166108",2021,26.4542172492695,1
"751166114",2021,54.4855817619376,1
"751166202",2021,219.643352384426,1
"751166204",2021,49.0087608941438,1
"751166306",2021,223.056507749555,1
"751166307",2021,12.3574579907297,1
"751176508",2021,16.7704833020165,1
"751176611",2021,54.4181697394873,1
"751176707",2021,69.6201039405535,1
"751176713",2021,13.4723097000134,1
"751176801",2021,61.4147014711497,1
"751186904",2021,108.417855797848,1
"751186906",2021,11.8753020138063,1
"751186910",2021,113.481143896461,1
"751186913",2021,85.6200898565092,1
"751187002",2021,23.2732739528933,1
"751187006",2021,8.74497320778287,1
"751187007",2021,8.36160239302412,1
"751187011",2021,50.194928705713,1
"751187201",2021,113.768116983934,1
"751197302",2021,43.3554399837332,1
"751197309",2021,176.277063324933,1
"751197402",2021,6.17372811575484,1
"751197502",2021,12.1152390580508,1
"751197603",2021,19.7383597575555,1
"751197605",2021,30.2360785845294,1
"751207707",2021,13.6646703353146,1
"751207709",2021,59.9241454603207,1
"751207710",2021,0.517787039595412,1
"751207713",2021,43.6305342250783,1
"751207902",2021,21.5300199269428,1
"751207908",2021,17.7818478077142,1
"751208005",2021,3.920196611197,1
"751208017",2021,51.4716546304266,1
